0,0,0,200,207,206,205,205,205,205,205,205,205,205,205,205,205,206,205,206,206,206,206,207,207,207,207,207,208,207,208,209,209,209,209,210,210,210,210,211,211,211,211,211,211,211,212,212,211,215,222,210,157,112,28,22,20,20,20,21,22,21,28,114,160,217,214,210,209,209,208,209,208,208,208,208,208,207,206,206,206,205,205,205,206,206,205,205,205,205,205,205,205,205,205,205,205,205,205,205,205,205,205,205,205,205,205,205,205,205,205,205,205,205,205,205,205,205,205,205,205,205,206,207,204,0,0,0
0,0,206,210,207,205,205,205,205,205,205,205,205,205,205,205,205,206,206,206,206,207,207,207,208,207,207,208,208,209,209,209,210,210,211,211,211,211,212,212,212,212,213,213,213,213,214,220,223,154,65,0,1,18,36,39,43,42,46,41,30,25,47,0,2,0,118,209,215,210,209,209,208,209,208,208,208,208,208,207,206,206,206,206,205,205,205,205,205,205,205,205,205,204,203,200,197,196,195,195,196,199,202,203,205,205,205,205,205,205,205,205,205,205,205,205,205,205,205,205,205,205,205,206,209,206,0,0
0,206,208,205,205,205,205,205,205,205,205,205,205,205,205,205,206,206,206,207,206,207,207,207,207,208,208,209,209,209,210,210,211,211,212,212,212,212,213,214,214,214,215,214,217,226,209,125,0,0,26,36,44,39,37,36,42,40,37,31,87,111,106,111,30,31,5,0,120,217,213,209,210,209,209,209,208,208,208,208,208,207,206,206,206,206,206,205,205,206,205,202,195,215,229,241,250,254,255,255,252,246,234,221,198,199,204,205,205,205,205,205,205,205,205,205,205,205,205,205,205,205,205,205,205,207,205,0
205,210,205,205,205,205,205,205,205,205,205,205,205,205,205,206,206,206,207,207,207,207,208,208,208,209,209,209,210,211,211,212,212,213,213,214,214,215,215,215,215,216,219,229,190,90,0,6,36,44,41,41,36,42,40,42,37,29,51,110,95,152,171,105,33,39,41,36,4,4,176,218,210,210,210,209,209,209,208,208,208,208,208,208,206,206,206,206,205,200,206,235,255,255,255,255,255,255,255,255,255,255,255,255,255,242,216,195,204,205,205,205,205,205,205,205,205,205,205,205,205,205,205,205,205,205,208,204
207,207,205,205,205,205,205,205,205,205,205,205,205,205,206,206,207,207,207,208,207,207,208,208,209,210,210,211,211,212,212,212,214,214,215,215,216,216,216,217,221,231,175,51,0,20,39,43,40,40,40,40,41,34,37,41,32,65,114,111,187,206,186,101,30,39,38,38,41,28,0,106,219,211,210,209,210,209,209,208,209,208,208,208,208,207,206,204,203,240,255,255,255,228,158,117,42,8,7,7,19,99,146,202,255,255,255,248,211,199,205,205,205,205,205,205,205,205,205,205,205,205,205,205,205,205,205,206
207,205,205,205,205,205,205,205,205,205,205,205,205,205,205,206,207,207,208,207,208,208,209,209,210,210,211,211,212,213,214,215,215,216,216,217,217,217,222,232,166,32,0,27,41,42,40,40,40,40,40,40,40,41,37,23,75,110,101,186,181,205,146,95,30,38,38,38,38,39,38,2,54,216,212,211,210,209,209,209,209,209,209,208,208,208,200,224,255,255,255,171,42,7,23,23,22,24,28,26,23,23,24,16,7,141,247,255,255,236,196,205,205,205,205,205,205,205,205,205,205,205,205,205,205,205,205,206
205,205,205,205,205,205,205,205,205,205,205,205,205,205,206,206,207,207,211,208,204,213,209,210,211,212,212,213,214,214,215,216,217,217,217,218,224,231,157,11,0,30,42,41,40,40,40,40,40,40,40,40,40,40,31,76,106,147,141,180,189,205,93,75,32,38,38,38,39,38,38,40,9,21,210,214,211,210,210,210,209,210,209,209,209,201,240,255,255,191,16,22,24,41,68,83,95,100,101,102,99,91,74,53,23,25,6,139,255,255,250,201,204,205,205,205,205,205,205,205,205,205,205,205,205,205,205,205
205,205,205,205,205,205,205,205,205,205,205,205,205,205,206,207,207,211,154,60,73,153,215,211,212,213,214,215,215,216,217,217,218,220,227,228,142,0,0,31,43,41,40,40,40,40,40,40,40,40,40,40,40,31,77,106,143,186,161,155,205,163,107,36,38,38,38,38,32,40,38,37,40,18,8,212,213,212,211,210,210,210,209,210,202,246,255,255,92,14,24,52,88,99,96,100,88,71,62,57,59,66,81,101,99,66,24,24,36,234,255,254,202,204,205,205,205,205,205,205,205,205,205,205,205,205,205,205
205,205,205,205,205,205,205,205,205,205,205,205,205,205,206,207,210,154,58,150,169,71,157,218,213,214,215,215,217,217,218,223,235,203,117,0,0,38,40,35,35,38,39,40,40,40,40,40,40,40,40,40,32,64,109,140,185,178,182,147,204,106,93,23,39,38,38,38,39,22,40,37,37,39,17,33,221,212,211,211,211,210,210,202,246,255,245,38,26,33,85,98,95,97,68,29,12,17,44,51,49,29,15,15,54,91,99,47,26,7,215,255,253,201,205,205,205,205,205,205,205,205,205,205,205,205,205,205
205,205,205,205,205,205,205,205,205,205,205,205,205,205,205,209,187,59,127,191,193,180,71,196,216,216,216,218,221,229,229,160,44,0,3,44,60,60,60,59,58,54,49,39,34,39,40,40,40,40,40,33,55,112,126,187,178,178,175,205,155,105,57,36,38,38,38,38,39,33,22,40,37,37,39,7,63,224,213,212,212,209,201,236,255,248,19,27,46,98,94,98,78,18,26,67,90,98,97,97,97,98,94,75,37,9,58,105,68,27,6,216,255,248,195,205,205,205,205,205,205,205,205,205,205,205,205,205
205,205,205,205,205,205,205,205,205,205,205,205,205,205,206,209,89,93,171,184,180,209,130,103,224,221,230,227,171,106,0,0,39,94,93,81,69,51,50,55,58,59,59,59,57,49,34,38,40,40,35,52,112,132,140,181,178,177,184,208,123,101,28,38,36,40,38,38,37,40,22,28,38,37,37,38,0,131,224,212,211,233,249,255,255,55,26,50,100,93,99,56,12,70,98,96,98,97,92,92,95,97,95,94,98,78,19,36,101,74,28,7,239,255,232,201,205,205,205,205,205,205,205,205,205,205,205,205
205,205,205,205,205,205,205,205,205,205,205,205,205,205,207,181,59,124,186,183,182,191,193,70,181,152,84,0,0,16,37,34,39,34,68,93,119,119,108,90,67,49,57,59,59,59,59,51,34,36,46,112,116,190,132,184,178,175,196,188,93,66,35,38,40,35,38,38,37,37,33,20,35,36,37,37,32,0,172,231,255,255,255,255,124,24,43,100,93,99,47,26,91,96,97,70,37,9,9,9,9,28,62,94,95,94,95,36,32,102,66,26,51,255,255,206,205,205,205,205,205,205,205,205,205,205,205,205
205,205,205,205,205,205,205,205,205,205,205,205,205,205,207,131,89,143,188,183,183,181,212,123,78,0,25,36,42,41,40,41,31,42,35,34,33,77,115,114,115,110,82,49,57,58,58,59,57,49,114,109,185,180,148,170,178,177,208,130,105,23,39,38,38,35,40,37,37,37,37,23,10,39,37,6,50,177,237,255,255,193,76,6,24,35,100,93,98,59,27,95,97,77,9,27,100,135,149,151,142,108,43,9,68,98,93,96,33,43,105,44,22,162,255,243,197,205,205,205,205,205,205,205,205,205,205,205
205,205,205,205,205,205,205,205,205,205,205,205,205,206,207,61,116,151,180,183,183,182,195,168,111,32,40,40,40,40,40,40,40,35,41,40,40,34,33,96,116,111,113,113,77,49,58,58,58,54,76,190,179,178,183,121,183,189,191,91,70,33,40,38,38,40,35,37,37,37,39,8,69,26,4,161,255,255,255,255,90,15,24,16,20,26,51,99,82,11,93,98,57,9,116,161,155,161,148,126,124,145,166,130,13,44,97,93,92,15,74,94,23,7,255,255,202,195,201,204,205,205,205,205,205,205,205,205
205,205,205,205,205,205,205,205,205,205,205,205,205,207,180,59,132,166,160,185,183,183,182,203,95,68,37,40,40,40,40,40,40,38,39,40,40,40,40,33,80,116,110,110,114,102,53,57,58,58,45,95,190,178,178,171,124,210,133,106,28,39,37,37,38,38,36,38,37,37,39,0,158,0,181,255,255,170,49,6,28,12,171,239,213,110,54,51,31,78,98,60,29,149,157,157,137,49,9,21,22,10,33,126,137,21,45,97,95,71,17,101,61,23,157,250,255,251,237,206,202,205,205,205,205,205,205,205
205,205,205,205,205,205,205,205,205,205,205,205,205,207,145,83,134,166,162,185,183,183,181,205,125,79,21,38,43,41,40,40,40,41,35,42,40,40,40,40,33,75,116,110,110,111,113,60,56,58,58,42,95,189,178,178,180,164,98,69,34,39,37,39,38,37,36,38,37,37,38,2,181,93,255,255,70,21,24,24,6,224,255,255,255,231,105,27,43,99,81,8,57,131,109,91,9,25,26,28,12,25,39,7,6,22,31,70,95,97,22,72,93,22,59,176,255,255,255,255,221,202,205,205,205,205,205,205
205,205,205,205,205,205,205,205,205,205,205,205,205,207,104,104,131,153,172,184,183,183,182,191,166,93,31,0,7,31,42,40,40,40,41,37,40,40,40,40,40,33,88,113,110,110,111,115,62,56,58,58,38,123,185,176,195,137,103,28,38,38,39,37,37,37,40,34,37,37,37,13,81,249,255,117,25,31,186,209,190,255,255,255,255,255,100,85,7,9,19,201,84,8,22,96,44,138,161,94,225,122,7,233,255,142,27,19,96,99,69,40,105,49,25,84,20,25,168,255,255,209,204,205,205,205,205,205
205,205,205,205,205,205,205,205,205,205,205,205,205,207,60,118,132,139,176,184,183,183,183,181,201,93,152,135,97,10,16,40,40,40,40,36,42,40,40,40,40,40,33,105,111,110,110,110,114,58,57,58,58,33,157,180,171,97,63,35,38,38,38,36,39,37,36,40,36,37,37,8,99,255,245,6,10,251,238,188,207,137,233,99,118,183,103,73,234,137,21,125,12,203,255,255,18,250,251,90,232,150,7,224,202,60,32,27,32,30,24,25,73,26,11,7,18,28,14,157,255,242,199,205,205,205,205,205
205,205,205,205,205,205,205,205,205,205,206,205,207,200,60,127,135,131,177,184,183,183,183,181,204,110,194,146,133,142,55,7,41,40,40,41,36,40,40,40,40,40,38,49,116,110,110,110,110,111,50,58,58,57,44,192,111,100,28,38,38,38,38,39,36,37,36,37,37,37,38,2,131,255,181,18,136,255,0,122,142,4,162,136,8,240,66,59,224,160,14,192,166,6,206,93,25,72,222,6,221,191,37,212,206,83,26,98,152,168,139,91,24,121,230,241,189,102,29,7,255,255,194,205,205,205,205,205
205,205,205,205,205,205,205,205,205,206,206,206,207,192,60,131,142,131,169,184,183,183,183,182,191,154,188,189,145,132,144,54,16,42,40,40,36,41,40,40,40,40,40,33,94,111,110,110,110,112,96,51,58,58,51,94,112,53,36,38,38,38,38,37,34,39,36,34,39,36,37,2,136,255,165,21,149,224,86,111,174,3,147,124,5,214,102,19,206,210,85,175,216,8,189,131,26,27,228,9,127,175,120,106,135,79,9,233,255,255,255,79,64,203,255,255,208,111,29,7,245,255,193,204,205,205,205,205
205,205,205,205,205,205,205,205,205,206,205,206,208,184,59,135,147,129,164,185,183,183,183,183,181,193,183,183,188,134,133,143,16,32,41,40,40,38,40,40,40,40,40,37,56,116,110,110,110,110,115,68,57,58,57,48,93,30,38,38,38,38,38,37,38,36,37,37,41,40,39,2,128,255,201,18,28,207,222,234,255,255,146,177,77,140,117,26,113,147,105,61,84,27,67,40,25,22,5,28,26,25,27,42,106,126,35,143,255,255,255,131,88,218,255,255,162,126,28,7,255,255,184,203,204,205,205,205
205,205,205,205,205,205,205,205,206,205,206,207,208,183,59,136,145,137,152,185,183,183,183,183,182,185,183,183,184,177,127,136,96,8,43,40,41,37,40,40,40,40,40,40,33,110,111,110,110,110,110,108,47,58,58,58,46,37,39,39,39,39,41,36,36,30,21,7,2,0,0,0,61,255,255,7,28,95,206,255,255,255,248,162,255,61,91,22,6,58,126,129,36,28,33,21,160,179,212,105,63,30,7,255,255,255,138,73,255,255,255,169,106,230,255,255,131,128,27,58,255,245,179,200,204,205,205,205
205,205,205,205,205,205,205,206,206,206,207,207,208,186,59,133,143,152,137,186,183,183,183,183,183,183,183,183,183,187,145,133,136,0,37,40,40,36,42,40,40,40,40,40,34,92,112,111,111,111,111,114,76,57,58,59,60,36,40,34,23,21,3,0,0,0,85,122,144,160,168,185,161,203,255,189,15,28,75,110,155,226,255,255,126,123,13,181,255,255,255,255,245,100,26,111,255,255,255,252,110,38,8,232,255,255,145,92,200,255,255,233,82,247,255,255,94,118,26,124,255,224,177,197,204,205,205,205
205,205,205,205,205,205,206,206,206,207,206,206,208,196,59,130,136,179,110,190,183,183,183,183,183,183,183,183,183,184,175,128,142,49,29,41,40,40,39,40,40,40,40,40,34,81,113,111,111,111,111,113,112,54,58,46,28,8,0,1,66,37,94,230,249,252,248,249,247,247,247,178,132,242,255,255,106,27,28,24,80,71,69,115,97,61,204,255,255,255,255,255,255,178,104,24,255,255,255,255,219,92,19,194,255,255,172,107,119,255,255,255,55,255,255,255,60,101,25,159,255,202,175,194,203,205,205,205
205,205,205,205,205,206,205,206,207,206,206,207,209,205,59,125,130,195,95,186,183,183,183,183,183,183,183,183,181,181,189,133,137,80,19,42,40,41,37,40,40,40,40,40,34,75,114,111,112,114,119,97,67,14,3,0,64,91,121,29,194,140,137,252,251,147,190,244,247,224,140,169,255,255,223,51,24,15,51,144,154,104,70,27,75,14,255,255,255,255,255,255,255,255,91,7,255,255,255,255,255,182,88,159,255,255,222,104,3,255,255,255,113,255,255,229,87,80,17,208,255,175,174,193,202,205,205,205
205,205,205,205,206,206,206,207,207,206,207,208,209,217,60,112,128,185,153,159,185,183,183,183,183,183,183,185,155,160,187,155,134,97,8,42,40,40,38,41,40,40,40,40,34,73,116,119,105,69,11,0,9,78,117,142,138,135,91,119,223,245,37,104,0,196,249,244,217,139,152,255,255,150,6,22,50,205,255,255,255,255,200,94,36,51,255,255,255,255,255,210,169,255,148,83,239,255,255,255,255,255,125,156,255,255,250,91,22,186,255,255,221,255,255,166,126,29,6,251,255,137,175,193,202,205,205,205
205,205,205,206,205,206,206,206,206,207,209,209,211,219,112,95,133,169,190,127,189,183,183,183,183,183,183,184,159,101,191,173,130,115,3,45,40,40,36,42,40,40,40,40,34,81,91,35,1,2,77,121,143,136,130,129,148,173,77,229,97,21,77,164,252,247,248,250,118,77,195,255,169,15,7,157,255,255,255,255,255,255,255,209,100,19,255,255,255,255,138,95,80,241,221,91,216,255,255,255,255,255,255,136,255,255,255,76,69,91,255,255,255,255,255,112,129,28,43,255,245,135,177,193,202,205,205,205
205,205,205,206,206,207,207,206,207,209,209,212,214,219,164,64,136,153,186,167,171,184,183,183,183,186,183,183,193,0,175,190,137,95,7,39,40,40,34,38,40,40,41,42,35,12,0,54,108,142,136,129,132,154,174,188,186,198,23,92,27,65,71,134,251,217,152,51,54,44,248,255,17,16,213,255,255,255,255,255,255,255,255,255,139,86,254,255,255,231,91,44,4,255,255,81,172,255,255,255,255,255,255,255,255,255,255,129,93,5,250,255,255,255,255,51,108,26,140,255,210,151,180,195,203,205,205,205
205,205,206,206,206,206,206,208,208,209,212,214,216,225,122,78,118,135,188,186,167,184,183,183,186,134,194,183,185,160,0,156,20,55,11,42,40,40,41,40,41,41,29,23,0,78,132,140,131,130,153,175,188,185,184,183,181,199,0,213,240,0,53,108,80,52,97,92,67,46,255,255,6,7,255,255,255,255,255,255,255,242,158,255,255,70,214,255,255,255,210,151,163,255,253,79,160,255,255,255,189,235,255,255,255,255,255,138,105,23,171,255,255,255,213,96,78,19,195,255,179,159,183,196,204,205,205,205
205,206,206,206,207,206,207,208,210,211,214,216,218,235,16,66,94,131,183,183,184,182,183,183,185,156,72,198,186,189,169,0,159,179,0,41,40,40,41,33,32,16,41,0,118,142,127,147,171,188,185,184,183,183,183,182,189,186,132,255,255,108,4,105,101,127,108,82,92,67,240,255,64,19,192,255,255,255,255,255,236,88,116,156,255,109,180,255,255,255,255,255,255,255,148,118,124,255,255,255,164,101,206,255,255,255,255,165,110,26,105,255,255,255,136,134,28,6,255,255,132,167,186,199,204,206,205,205
205,205,206,207,206,207,208,209,211,214,216,219,222,227,0,35,84,124,165,185,183,183,183,183,183,193,94,1,135,177,66,191,233,70,9,41,41,41,32,22,18,31,100,177,0,122,189,187,184,183,183,183,183,183,183,181,201,167,157,255,255,121,0,95,118,109,94,143,102,90,178,255,202,13,12,255,255,255,255,255,72,109,22,160,255,107,85,242,255,255,255,255,249,122,107,78,98,255,255,255,220,101,48,158,255,255,255,221,104,27,77,255,255,255,49,117,26,108,255,233,133,171,190,201,205,205,205,205
206,206,207,207,207,207,210,211,213,216,218,222,227,201,0,33,70,94,148,187,183,183,183,183,183,184,194,149,88,26,48,255,100,16,22,43,35,6,20,13,50,51,40,84,254,0,161,185,183,183,183,183,183,183,183,182,208,153,173,255,255,66,0,78,108,93,160,170,95,96,62,255,255,101,24,119,255,255,255,255,190,126,81,221,242,86,63,43,153,144,135,108,86,116,65,28,21,255,255,255,255,89,29,47,119,226,249,172,110,14,195,255,255,190,109,67,20,192,255,186,150,176,193,202,205,205,205,205
206,206,207,206,206,208,210,212,215,218,222,224,232,156,0,42,33,81,117,181,184,183,183,183,185,169,187,186,195,111,196,191,10,33,25,20,0,114,16,0,0,48,67,41,152,236,0,191,183,183,183,183,183,183,182,189,207,149,178,255,255,0,0,65,106,141,174,168,129,91,75,138,255,250,7,10,214,255,255,255,255,255,255,227,72,123,26,6,86,159,160,102,4,21,27,39,6,255,255,230,138,114,50,31,27,84,85,113,105,73,255,255,255,64,131,28,12,255,255,128,160,181,196,204,206,205,205,205
206,207,206,207,208,210,211,214,217,221,224,227,236,131,3,42,39,41,85,144,189,183,183,183,189,90,133,183,193,33,255,3,36,30,0,70,179,188,144,0,0,0,57,64,25,236,176,62,194,183,183,183,183,183,182,194,207,155,169,255,204,0,0,59,109,182,171,167,161,89,83,39,221,255,178,19,40,255,255,255,255,248,134,104,109,14,119,254,255,255,255,255,255,190,89,7,26,84,76,99,116,97,29,38,38,29,29,26,18,252,255,255,186,107,81,25,149,255,218,133,165,185,199,204,206,205,205,205
206,207,206,207,209,211,213,216,219,223,226,229,240,96,18,41,41,20,87,83,170,185,183,183,183,192,96,0,0,71,202,2,35,12,155,190,183,232,254,0,0,0,8,67,58,99,255,34,155,185,183,183,183,183,182,193,206,168,162,255,54,0,0,49,116,182,172,168,161,130,78,74,63,255,255,63,22,152,255,255,255,179,124,29,15,165,255,255,255,255,255,255,255,255,255,236,142,9,40,25,27,29,39,38,35,26,12,79,251,255,255,245,38,129,28,7,255,255,151,151,172,189,202,205,206,206,205,205
207,206,207,207,210,212,214,218,222,226,228,229,246,19,30,41,39,16,87,105,79,182,185,183,183,183,189,197,196,218,131,9,24,107,183,223,255,255,255,0,0,0,0,50,64,26,240,208,13,196,183,183,183,183,182,190,205,190,59,51,0,0,0,50,112,182,173,169,162,152,98,71,31,159,255,232,6,6,239,255,255,255,104,108,106,255,255,255,255,255,255,255,255,255,255,255,255,255,208,149,98,16,7,7,27,128,204,255,255,255,246,57,141,42,20,173,255,214,59,132,183,194,203,206,206,206,205,205
206,206,207,208,211,213,216,220,224,227,229,229,243,0,36,36,27,17,86,114,138,123,181,183,183,183,183,183,181,216,20,16,8,164,255,255,255,255,253,0,0,0,0,30,65,50,158,255,12,164,184,183,183,183,182,187,205,210,1,0,0,0,0,46,113,183,174,171,165,155,136,40,50,33,242,255,140,23,72,255,255,255,133,120,229,255,255,255,255,255,255,184,155,155,162,210,249,255,255,255,255,255,255,255,255,255,255,255,255,199,42,140,58,27,74,255,255,84,66,72,97,203,205,206,206,206,205,205
206,207,207,209,212,214,218,222,226,228,229,231,228,0,28,38,36,20,84,111,134,145,187,183,183,183,183,183,183,191,0,22,2,226,255,255,255,255,225,0,0,0,0,0,68,57,106,255,158,98,188,183,183,183,183,181,204,215,53,80,255,0,0,71,112,184,174,172,167,163,87,77,73,66,93,255,255,27,17,188,255,203,105,69,255,255,255,255,255,221,31,105,100,100,98,96,86,108,146,166,223,251,255,255,255,255,247,184,71,97,130,41,27,47,255,255,173,107,134,120,84,152,208,207,206,206,206,205
206,207,208,211,213,216,220,223,227,228,229,230,215,0,40,41,32,20,82,108,134,141,187,183,183,183,183,183,183,193,0,23,0,221,255,255,255,255,153,0,0,0,0,0,64,64,32,255,229,0,196,183,183,183,183,181,198,209,117,116,226,0,0,106,115,184,175,172,173,123,81,132,107,70,39,195,255,206,12,19,202,75,110,102,255,255,255,255,254,8,228,249,198,81,28,28,29,28,89,97,96,86,77,77,75,52,73,111,126,85,28,21,75,255,255,212,76,120,135,162,115,121,208,206,206,206,206,206
207,207,208,211,214,217,221,225,228,229,229,231,199,0,40,41,32,21,80,105,135,133,188,183,183,183,183,183,183,194,59,15,0,172,255,255,255,255,0,0,0,0,0,0,61,64,26,255,255,0,189,183,183,183,183,182,188,206,176,1,0,0,0,176,114,183,175,173,161,86,121,151,136,88,69,36,255,255,104,25,42,98,26,103,255,255,255,255,180,158,255,255,255,135,107,29,25,7,22,26,27,29,54,88,95,94,83,29,28,25,6,161,255,255,209,66,114,126,144,164,128,116,208,207,206,206,206,205
207,208,208,212,215,219,222,226,227,229,228,232,182,0,41,41,30,21,76,101,136,127,185,183,183,183,183,183,183,188,110,10,0,35,255,255,255,91,0,0,0,0,0,0,60,64,26,255,255,58,166,184,183,183,183,183,181,202,216,43,0,0,0,101,131,181,176,179,110,95,167,154,141,129,77,57,131,255,255,72,13,22,28,12,255,255,255,255,204,117,255,255,255,145,124,26,111,252,185,141,70,6,7,18,22,22,17,7,22,147,252,255,255,172,70,110,119,134,152,172,96,143,209,207,206,206,206,206
207,208,209,213,216,220,224,227,228,228,228,233,160,0,41,41,29,23,70,95,137,128,176,184,183,183,183,183,183,185,163,1,0,0,39,147,50,0,4,121,0,0,0,0,61,64,28,255,255,124,130,186,183,183,183,183,182,191,209,125,0,0,41,81,142,181,177,159,90,142,167,158,149,136,123,72,37,185,255,255,206,184,75,17,198,255,255,255,255,128,112,136,255,88,125,26,109,255,255,255,255,255,234,206,183,184,210,243,255,255,255,228,104,90,107,115,128,144,167,128,71,199,209,207,207,206,206,206
208,208,209,213,217,220,224,228,228,228,228,233,152,1,42,41,28,23,64,88,138,131,161,185,183,183,183,183,183,183,198,40,0,0,0,0,0,0,233,255,96,0,0,0,65,61,71,255,255,156,116,187,183,183,183,183,183,181,204,188,24,32,63,87,154,180,182,117,96,175,166,162,156,145,131,118,71,35,161,255,255,255,181,21,15,237,255,255,255,255,241,255,194,95,95,25,149,255,208,190,238,255,255,255,255,255,255,255,253,200,123,68,101,106,112,123,139,162,133,69,168,210,207,207,207,207,206,206
208,208,209,214,218,222,225,227,228,228,228,234,143,2,42,40,28,25,59,81,138,132,147,186,183,183,183,183,183,194,148,89,33,0,0,0,0,0,255,255,24,0,0,0,68,54,137,255,255,190,111,187,183,183,183,183,183,183,186,213,121,64,52,113,173,179,174,90,137,172,167,165,160,153,141,126,115,74,41,36,122,255,255,32,29,51,169,234,255,255,232,127,87,129,29,6,243,255,122,81,62,48,107,138,148,148,137,94,56,88,99,104,106,112,122,136,156,116,69,156,211,208,207,207,207,207,206,206
207,209,210,215,218,222,226,228,228,228,227,234,136,3,42,38,28,26,52,80,134,133,130,188,183,183,183,183,193,59,114,161,91,0,0,0,0,0,66,62,0,0,0,34,66,34,194,255,255,229,110,187,183,183,183,183,183,183,181,194,211,111,141,100,168,183,144,89,171,170,168,167,164,159,149,136,122,113,85,60,38,190,255,230,7,29,62,87,85,89,101,127,98,28,15,158,255,239,56,99,98,99,97,95,94,95,96,100,102,102,104,107,113,123,140,140,95,69,172,212,208,208,207,207,207,207,206,206
208,210,210,216,219,223,226,227,228,228,228,234,125,8,42,38,28,28,40,84,128,134,127,178,184,183,183,184,169,168,189,197,157,0,0,0,0,0,0,0,0,0,0,55,63,29,255,255,255,249,109,187,183,183,183,183,183,183,183,181,194,210,148,107,81,94,108,123,177,170,168,168,166,163,156,145,133,119,111,103,65,36,242,255,230,31,21,27,29,29,29,28,26,6,154,255,255,111,99,101,102,102,101,101,101,102,102,103,105,107,111,118,128,141,114,81,88,194,214,209,208,208,207,208,207,207,206,206
208,209,211,216,220,223,226,228,228,227,227,233,117,10,42,37,29,30,15,87,119,134,131,160,185,183,183,183,184,184,185,27,113,170,59,0,0,0,0,0,0,0,17,67,35,173,255,255,255,255,104,187,183,183,183,183,183,183,183,183,181,187,205,214,200,138,97,159,173,170,169,168,167,166,162,155,144,132,120,113,89,65,52,243,255,255,176,84,6,7,6,18,135,235,255,255,146,94,107,109,110,110,109,109,108,109,109,111,114,118,126,138,120,85,65,143,215,212,211,210,209,208,207,208,207,207,206,206
209,209,211,216,220,223,226,227,228,228,227,233,112,13,41,38,24,22,21,84,111,135,133,142,187,183,183,183,183,189,84,180,189,182,33,108,0,0,0,0,0,0,61,57,78,255,255,255,255,246,138,186,188,189,185,183,183,183,183,184,181,183,181,184,198,202,79,160,173,171,169,169,168,167,165,161,155,144,134,124,118,70,69,36,193,255,255,255,255,249,255,255,255,255,243,112,95,111,117,122,124,123,122,121,119,120,121,125,131,138,117,86,63,116,199,217,212,212,211,209,209,208,207,207,207,207,206,206
209,210,211,217,220,223,226,228,227,227,227,232,109,15,40,26,28,30,22,77,102,136,133,127,185,183,183,183,183,185,158,185,190,79,168,193,175,94,0,0,0,46,54,63,255,255,249,219,187,175,184,178,85,102,162,185,183,183,183,188,140,185,174,182,191,181,82,168,172,171,169,169,168,168,167,165,162,156,148,138,129,115,67,70,40,69,170,233,255,255,255,249,209,144,60,102,110,119,130,138,141,141,139,138,137,140,145,139,114,81,63,119,191,220,214,213,213,212,211,210,209,209,207,207,207,207,207,206
210,211,212,217,221,224,226,228,227,227,226,233,103,10,34,38,29,30,17,64,89,138,133,130,169,184,183,183,183,183,185,183,189,91,196,183,184,191,192,159,134,128,119,223,205,180,173,180,182,183,185,148,192,105,189,183,183,183,183,185,154,124,184,179,206,125,106,180,172,171,169,169,169,168,168,168,166,164,159,152,142,131,117,73,66,65,50,38,26,22,47,62,86,97,104,108,117,129,143,152,157,157,157,160,157,132,102,79,64,139,201,222,218,215,215,214,213,212,211,210,210,208,207,207,207,207,206,206
210,211,212,217,221,224,226,228,227,228,226,233,94,18,42,36,28,21,25,58,80,137,133,132,149,186,183,183,183,183,183,183,184,173,185,183,183,183,183,185,186,187,187,181,181,183,183,183,183,183,183,185,185,159,118,191,183,183,183,183,185,187,181,196,182,84,152,174,172,171,170,169,169,169,168,168,168,168,166,162,153,141,129,121,101,85,81,63,54,76,106,102,103,104,108,115,126,140,154,163,167,172,154,122,92,69,113,172,221,224,219,218,219,217,216,214,213,212,211,210,209,208,208,207,207,207,207,206
210,211,213,218,221,224,226,227,227,227,226,234,88,19,42,33,22,31,28,36,84,128,134,133,128,188,183,183,183,183,183,183,183,184,183,183,183,183,183,183,183,183,183,183,183,183,183,183,183,183,183,183,183,190,110,143,191,183,183,183,183,180,193,209,100,113,182,172,172,171,170,169,169,169,176,175,174,174,173,171,166,159,148,131,111,90,67,59,79,108,104,105,107,111,117,126,138,152,163,169,174,148,111,92,91,176,233,236,225,222,221,219,219,217,215,215,213,212,211,210,210,209,208,207,208,207,207,206
210,211,212,218,221,224,227,227,227,227,225,234,87,22,33,32,31,27,23,23,87,117,134,133,129,173,184,183,183,183,183,183,183,183,183,183,183,183,183,183,183,183,183,183,183,183,183,183,183,183,183,183,183,183,185,95,126,182,190,186,187,204,211,110,97,178,175,173,172,171,170,170,170,165,89,108,112,116,118,117,113,104,88,76,70,66,87,108,116,112,112,114,117,123,132,141,152,162,169,172,174,176,181,181,162,125,66,124,192,232,221,219,219,217,215,215,213,212,212,210,210,209,208,207,208,207,207,206
210,212,212,218,221,225,226,227,227,227,225,233,94,12,38,40,22,26,30,21,81,105,135,133,132,152,186,183,183,183,183,183,183,183,183,183,183,183,183,183,183,183,183,183,183,183,183,183,183,183,183,183,183,183,184,185,121,79,116,134,143,134,106,96,172,177,174,173,172,171,171,170,170,172,142,103,137,125,121,119,120,124,129,134,141,144,136,129,126,124,126,129,133,139,147,156,163,169,173,175,175,176,176,177,178,182,182,144,73,106,216,221,218,217,216,214,214,212,211,210,209,208,208,207,207,207,207,206
211,212,213,219,221,225,226,227,227,227,225,233,92,19,42,29,29,30,29,23,69,92,138,133,133,131,188,183,183,183,183,183,183,183,183,183,183,183,183,183,183,183,183,183,183,183,183,183,183,183,183,183,183,183,183,182,188,177,160,149,105,105,103,173,178,176,174,173,172,172,171,171,170,170,176,87,161,174,173,174,173,172,170,167,161,156,151,147,145,144,144,147,150,156,162,166,171,174,175,176,176,177,178,178,178,178,179,182,183,129,70,215,219,217,217,214,214,213,211,211,209,209,208,207,208,207,207,206
210,211,213,218,221,224,226,227,227,226,225,233,95,16,30,42,31,29,29,25,57,80,137,133,133,128,175,184,183,183,183,183,179,186,186,185,184,183,183,183,183,183,183,183,183,183,183,183,183,183,182,182,181,180,184,192,200,214,182,117,106,122,183,178,176,175,174,173,173,172,171,171,171,170,173,134,112,175,169,169,169,170,170,169,169,166,164,161,159,159,159,161,164,167,171,173,175,176,177,177,178,178,178,178,179,179,179,180,180,189,124,140,223,217,216,215,214,213,211,211,210,209,208,207,207,207,207,206
211,212,213,219,221,224,226,226,227,227,225,233,96,15,42,40,35,29,29,28,37,85,126,134,133,132,153,186,183,183,183,183,184,151,142,150,175,188,190,187,185,185,184,183,183,182,181,180,181,183,189,193,198,206,213,203,163,109,98,110,103,159,179,177,176,175,174,173,173,172,172,171,171,171,171,164,81,164,170,169,170,170,171,172,172,172,171,170,169,172,173,172,173,174,175,176,176,177,178,178,178,178,179,179,179,180,180,181,181,183,152,91,227,216,216,214,215,212,211,211,210,209,208,207,207,207,207,206
211,212,214,218,221,224,226,226,227,227,225,231,110,13,41,40,40,28,29,29,21,86,111,135,133,133,129,188,183,183,183,183,183,187,174,135,102,93,113,136,149,163,175,182,192,199,206,210,212,212,208,197,177,155,123,91,101,105,109,123,96,171,178,176,175,175,176,178,175,174,173,172,171,171,171,176,91,135,173,170,170,171,171,172,173,173,173,173,174,151,122,154,172,183,182,180,179,179,178,178,179,179,179,180,180,180,181,181,182,189,115,121,225,217,215,214,214,213,212,211,209,209,208,207,207,207,207,206
211,212,214,218,221,224,226,227,227,226,225,231,118,9,42,40,41,32,29,29,22,75,98,137,133,133,130,168,184,183,183,183,183,183,184,187,174,147,123,118,114,106,95,91,90,96,108,103,86,68,67,67,103,100,107,110,116,117,116,115,97,183,177,177,176,176,159,114,138,154,170,179,176,174,174,172,93,129,174,170,171,171,172,173,173,173,173,174,174,178,155,88,95,96,116,133,149,164,174,182,186,187,186,187,187,187,188,181,160,109,71,205,218,217,216,215,213,212,212,211,210,209,208,207,207,207,207,206
212,213,214,218,221,224,226,227,227,225,225,230,135,3,42,40,40,36,29,29,24,60,81,138,133,133,133,140,188,183,183,183,183,183,183,183,183,186,179,153,129,131,135,134,133,124,72,137,211,212,218,234,56,110,118,117,115,116,119,89,120,183,177,176,176,175,181,107,101,95,92,100,124,133,132,103,94,146,173,171,171,171,172,173,173,174,174,174,174,175,178,162,92,130,169,134,91,67,67,79,92,105,112,114,113,108,93,77,70,138,215,220,217,216,216,214,214,212,212,210,209,209,208,208,207,207,207,206
212,213,214,218,222,224,226,227,227,225,225,229,148,2,42,40,40,40,28,29,28,42,83,127,134,133,133,127,176,184,183,183,183,183,182,183,182,182,182,184,186,168,152,139,130,134,72,111,243,229,228,234,121,99,118,117,128,106,7,97,142,180,177,176,176,175,178,135,104,132,115,111,105,100,97,102,114,172,171,171,171,172,173,173,174,174,174,174,175,175,176,179,167,70,172,242,236,230,216,197,176,162,155,152,153,159,172,198,223,227,220,217,216,216,216,214,214,212,212,211,209,209,208,207,207,207,207,206
211,212,214,218,221,223,225,226,226,225,225,228,172,0,41,40,40,41,32,29,29,21,87,111,135,133,133,133,144,187,183,183,183,183,182,182,182,182,182,182,181,182,184,185,186,189,136,99,83,166,216,236,165,94,111,86,37,1,25,109,162,179,177,176,176,175,179,134,98,158,173,157,150,146,144,151,174,172,171,172,172,173,173,174,174,175,175,175,175,176,176,176,179,171,67,180,231,227,228,228,229,230,229,229,228,227,225,224,221,219,219,217,216,215,216,214,214,212,212,211,209,209,209,208,207,207,207,206
211,213,214,218,221,223,225,227,227,225,225,226,204,0,39,40,40,40,37,29,29,22,75,94,137,133,133,133,127,178,190,189,185,183,183,182,182,182,182,182,182,181,181,181,181,182,165,107,54,0,0,0,0,8,2,17,33,38,70,99,183,177,177,176,176,178,178,100,104,156,176,175,175,175,175,174,172,172,172,173,175,175,174,175,175,175,175,175,175,176,176,177,178,180,162,66,225,227,226,226,225,225,225,224,223,223,222,222,220,219,219,217,216,216,216,214,214,212,212,211,210,209,209,207,207,207,207,207
212,213,214,218,221,223,225,226,227,225,225,225,225,0,36,40,40,40,41,29,29,24,59,79,136,133,138,135,129,116,111,119,143,185,185,182,182,182,182,182,181,181,181,181,181,181,188,107,104,19,34,39,39,39,42,42,41,31,95,131,182,178,178,180,182,148,100,100,112,174,176,175,174,174,173,173,173,172,173,158,127,143,155,168,181,181,178,178,178,177,177,178,179,180,188,86,189,229,226,226,225,225,224,224,222,223,221,222,220,219,218,218,216,215,216,214,214,212,212,211,210,209,209,207,207,207,207,207
212,214,214,218,221,223,225,226,226,225,225,224,236,2,31,41,40,40,41,34,29,28,37,85,121,133,108,117,148,166,172,163,131,80,166,187,182,182,182,182,182,181,181,181,181,181,183,151,112,49,26,30,42,40,40,40,39,42,106,165,179,179,162,135,95,96,103,112,162,178,175,175,175,174,174,173,173,173,173,178,136,94,105,65,80,114,133,149,161,169,173,173,169,154,112,67,214,228,226,225,225,225,224,224,222,223,221,221,220,220,219,217,216,216,216,214,213,212,211,211,210,209,209,208,207,207,207,207
212,213,214,217,221,223,224,225,225,225,225,224,231,103,14,41,40,40,40,41,28,28,13,97,96,128,180,190,185,185,184,185,189,170,78,163,185,182,182,182,181,181,181,181,181,181,181,186,104,107,17,29,35,41,40,40,31,91,113,185,178,179,165,122,122,131,146,171,178,176,176,176,175,175,174,174,174,173,173,173,180,127,106,225,193,155,125,67,66,66,66,72,72,67,104,195,231,226,226,225,225,225,224,224,223,223,222,221,220,219,218,217,216,215,216,214,214,212,211,211,210,209,209,208,207,207,207,206
212,213,213,217,220,223,225,225,225,226,224,224,228,143,1,42,40,40,40,41,26,38,96,112,172,189,184,183,183,183,183,183,183,185,173,77,171,183,182,182,182,181,181,181,181,181,181,182,161,104,83,17,31,39,40,38,50,103,167,180,178,178,178,182,182,181,179,177,176,176,176,176,176,175,175,174,174,174,174,174,174,181,114,108,237,231,234,235,228,221,214,211,218,232,243,238,236,236,234,233,231,229,226,223,223,223,221,221,220,219,219,217,217,216,216,214,213,212,211,210,210,209,209,208,207,207,207,207
212,213,214,217,220,222,224,226,225,225,225,224,226,203,0,38,40,40,39,29,81,98,156,199,184,183,183,183,183,183,183,183,183,183,186,164,86,184,182,182,182,181,181,181,181,181,181,181,187,126,114,66,16,26,37,22,106,132,185,179,178,178,178,178,177,177,177,178,180,179,178,178,177,176,175,175,175,174,174,174,174,176,185,77,188,232,233,239,230,204,166,146,125,110,89,77,75,84,105,120,142,167,209,236,236,228,223,221,220,219,219,218,217,216,216,214,214,212,211,211,210,209,208,208,207,207,207,206
212,213,213,217,219,222,224,225,225,225,224,224,224,235,0,31,41,33,43,100,112,195,208,203,201,181,183,183,183,183,183,183,183,183,183,189,140,119,189,182,182,185,179,181,181,181,181,181,181,186,109,115,74,17,19,99,110,185,179,179,179,178,178,178,178,177,177,166,119,141,151,159,168,174,178,181,182,182,182,180,177,164,133,98,171,171,119,14,0,0,1,3,10,16,20,24,25,23,17,13,3,1,0,0,87,150,214,237,224,220,218,217,216,216,216,214,214,212,211,211,210,209,208,207,207,207,207,207
212,213,214,216,219,221,224,225,225,225,225,224,224,230,120,6,32,66,100,149,211,204,203,203,197,181,183,183,183,183,183,183,183,183,183,183,190,99,164,183,189,128,201,184,181,181,181,181,181,181,185,111,112,100,92,108,180,179,179,179,179,179,178,178,178,178,178,179,172,103,100,101,98,96,93,96,94,91,91,95,98,104,111,84,0,0,11,30,36,40,41,41,41,41,41,41,41,41,41,41,42,42,40,36,21,2,0,50,163,232,224,218,217,216,216,214,213,212,211,211,210,209,208,207,207,207,207,207
212,213,214,216,219,222,224,225,224,225,225,224,224,227,191,0,89,102,182,210,203,203,203,201,181,183,183,183,183,183,183,183,183,183,183,183,185,169,101,194,114,147,211,184,181,181,181,181,181,181,181,186,136,103,123,186,180,179,179,179,179,179,179,178,178,178,178,177,177,183,129,98,108,107,103,113,151,180,186,121,56,45,8,20,37,39,34,33,33,33,32,34,33,34,34,34,34,34,39,40,40,40,40,40,41,42,39,25,0,0,147,231,220,216,216,215,213,212,211,211,209,209,208,207,207,207,207,207
212,213,214,216,218,222,223,224,225,225,224,224,224,225,233,68,108,198,206,203,203,203,200,181,183,183,183,183,183,183,187,185,183,183,183,183,183,190,120,98,155,213,188,181,181,181,181,181,181,181,181,186,104,142,187,180,180,179,179,179,179,179,179,178,178,178,178,178,178,177,183,153,93,121,157,108,72,86,94,38,13,28,34,32,32,33,66,77,83,89,96,98,99,98,94,86,80,71,44,33,33,34,39,40,40,40,40,41,41,32,0,9,180,230,215,214,213,212,211,211,210,209,208,207,207,207,207,207
212,213,214,215,218,221,222,225,225,225,225,224,225,223,95,113,207,204,203,203,204,197,181,183,183,183,183,183,183,190,133,161,185,183,183,183,183,184,169,132,211,185,181,182,181,181,181,181,181,181,182,158,124,188,180,180,180,180,179,179,179,179,179,178,178,178,178,178,178,178,177,180,166,87,150,215,194,160,114,98,106,70,79,98,111,116,113,113,113,114,113,113,113,113,113,113,113,114,117,113,99,79,40,33,34,40,40,40,40,41,41,26,0,99,228,215,213,212,211,211,210,209,208,208,207,207,207,207
211,213,214,215,218,220,222,224,225,225,224,227,217,82,123,210,203,203,203,205,194,181,183,183,183,183,183,183,190,116,163,186,183,183,183,183,183,183,190,119,186,181,182,182,181,181,181,181,181,181,183,146,169,181,180,180,180,180,179,179,180,178,186,182,181,180,179,179,178,178,178,178,180,171,75,161,200,200,206,182,119,96,109,108,91,86,80,75,74,74,74,74,77,82,90,101,110,116,113,113,112,113,118,104,76,33,34,40,40,40,40,42,36,1,47,217,215,212,211,211,210,209,207,207,208,207,207,206
212,212,214,214,217,220,222,224,225,225,227,217,74,132,211,203,203,203,205,191,181,183,183,183,183,183,183,186,149,142,189,183,183,183,183,183,183,183,183,182,182,182,182,182,182,181,181,181,181,181,181,174,174,181,180,180,180,180,180,179,183,124,107,122,142,158,165,171,174,175,174,168,161,152,89,118,179,194,198,199,206,175,99,104,87,44,55,55,54,54,54,55,55,56,55,53,48,57,77,95,114,114,112,112,114,115,84,33,34,40,40,40,41,39,12,1,209,214,211,211,209,209,208,207,208,207,207,206
212,213,214,215,217,219,222,224,225,227,221,77,131,212,203,203,203,205,190,181,183,183,183,183,183,183,183,186,92,148,188,183,183,183,183,183,183,183,183,183,183,182,182,182,182,182,181,181,181,181,181,181,182,181,180,180,180,180,180,180,179,184,144,122,108,90,68,55,55,55,55,56,58,67,100,146,179,173,188,199,197,199,205,140,94,101,31,33,33,33,33,34,34,34,38,46,51,56,58,55,48,75,102,117,112,111,113,116,79,33,38,40,40,40,41,17,7,215,212,210,209,209,208,207,208,207,207,206
211,213,214,215,217,219,222,224,226,230,89,123,211,203,203,203,205,188,181,183,183,183,183,183,183,183,185,149,115,109,177,184,183,183,183,183,183,183,183,183,183,182,182,182,182,182,181,181,181,181,181,181,181,181,180,180,180,180,180,179,179,179,184,163,128,131,134,132,127,120,117,119,123,131,125,169,177,176,174,182,199,197,197,204,171,89,107,31,40,40,40,39,40,40,40,39,39,34,38,52,60,58,51,62,100,116,111,111,114,109,49,34,40,40,40,40,10,51,221,210,209,209,208,207,208,207,207,206
211,212,214,215,217,219,222,224,237,113,107,209,203,203,203,205,188,181,183,183,183,183,183,183,183,183,190,113,99,137,117,190,183,183,183,183,183,183,183,183,183,183,182,182,182,182,182,181,181,181,181,181,181,181,181,181,180,180,180,179,179,179,179,181,183,162,146,135,130,129,129,141,162,151,175,177,176,176,176,175,180,199,197,197,201,184,90,106,19,32,35,39,41,41,40,40,40,40,40,38,36,55,60,58,51,67,112,112,111,112,117,56,34,40,40,40,38,2,113,218,209,208,208,207,207,207,207,206
211,212,214,215,217,220,222,232,160,84,201,203,203,203,205,190,181,183,183,183,183,183,183,183,183,183,185,82,65,141,104,163,185,182,183,183,183,183,183,183,183,183,183,182,182,182,182,182,181,181,181,181,181,181,181,181,180,180,180,180,179,179,179,179,179,179,181,182,182,183,182,180,246,227,172,176,176,176,177,175,174,181,199,197,197,200,181,91,96,30,37,32,30,33,41,40,40,40,40,40,40,34,50,60,59,57,51,107,112,111,111,116,47,38,40,40,41,32,0,183,212,208,208,207,207,207,207,206
211,212,213,216,217,220,224,206,67,181,206,203,203,204,192,181,183,183,183,183,183,183,183,183,183,184,172,74,45,114,128,101,187,190,185,181,183,183,183,183,183,183,183,183,182,182,182,182,179,194,182,181,181,181,181,181,181,180,180,180,180,179,179,179,179,178,178,178,178,178,177,178,230,222,172,176,176,177,159,178,175,174,185,198,196,197,203,154,105,69,34,40,40,39,30,37,41,40,40,40,40,40,34,53,59,59,59,49,110,112,111,112,106,33,40,40,40,42,19,40,218,208,207,207,208,207,206,206
211,211,213,217,218,222,233,96,143,210,203,203,203,197,181,183,183,183,183,183,183,183,183,183,183,185,159,65,19,79,133,114,133,213,205,199,184,181,183,183,183,183,183,183,182,182,182,180,197,206,184,181,181,181,181,181,181,181,180,180,180,180,179,179,179,179,179,178,178,178,178,175,187,181,176,176,176,178,132,173,176,175,173,189,219,191,197,206,107,111,30,39,39,39,41,31,35,40,40,40,40,40,40,34,59,59,59,58,63,116,111,111,116,69,34,40,40,41,35,0,162,211,207,207,207,207,207,206
210,212,213,218,221,227,174,93,209,203,203,203,201,181,183,183,183,183,183,183,183,183,183,183,183,185,151,61,22,56,89,140,94,169,207,203,205,193,181,183,183,183,183,183,183,182,180,199,207,195,180,181,181,181,181,181,181,181,181,180,180,180,180,179,179,179,179,178,178,178,178,178,177,177,177,176,176,179,130,148,177,175,172,196,246,225,199,198,183,93,78,32,39,39,39,42,28,41,40,40,40,40,40,39,51,59,59,59,50,104,112,111,112,101,33,40,40,40,42,19,37,216,207,208,207,207,206,206
209,211,212,220,222,231,69,174,205,203,203,204,183,183,183,183,183,183,183,183,183,183,183,183,183,185,149,47,26,21,78,106,131,87,186,206,203,204,201,186,180,181,181,180,185,194,204,210,170,149,183,181,181,181,181,181,181,181,181,181,180,180,180,180,179,179,179,179,178,178,178,180,178,177,177,177,176,182,119,123,181,175,173,196,240,240,192,197,205,122,107,29,39,39,39,39,39,33,41,40,40,40,40,39,47,59,59,59,56,86,113,111,111,117,33,40,40,40,41,32,0,193,209,208,207,207,206,206
210,211,213,221,227,176,96,211,203,203,204,189,182,183,183,183,183,183,183,183,183,183,183,183,183,185,150,26,2,14,101,74,124,121,90,184,209,203,203,204,203,199,200,203,204,205,210,139,106,188,182,182,181,181,181,181,181,181,181,181,181,180,180,180,180,179,179,179,179,178,180,158,168,182,177,176,177,183,102,89,179,176,176,170,201,193,201,196,199,169,104,64,36,39,39,39,41,29,41,40,40,40,40,40,43,60,59,59,57,82,113,111,111,115,66,35,40,40,41,30,6,128,212,207,207,207,206,206
210,210,213,223,235,104,160,206,203,203,197,181,183,183,183,183,183,183,183,183,183,183,183,183,183,185,149,167,121,45,121,104,75,134,119,87,156,211,206,204,203,203,204,205,211,185,98,118,188,182,182,182,182,181,181,181,181,181,181,181,181,181,180,180,180,180,180,179,179,179,179,183,133,121,175,193,177,179,91,101,158,175,176,176,178,178,199,196,197,199,89,91,31,39,39,39,40,29,41,40,40,40,40,40,43,59,59,59,57,83,113,111,111,113,78,34,40,40,42,32,21,52,214,207,207,206,206,206
209,210,212,226,220,68,207,203,203,204,182,183,183,183,183,183,183,183,183,183,183,183,183,183,183,188,131,225,187,84,119,120,93,80,138,128,104,102,156,191,205,205,197,175,129,83,151,190,182,182,182,182,182,182,181,181,181,181,181,181,181,181,181,180,180,180,180,180,179,179,179,179,185,139,76,123,228,176,94,106,129,205,174,177,177,176,190,198,197,206,122,110,29,40,39,39,40,29,41,40,40,40,40,39,47,59,58,58,55,94,112,111,111,113,82,34,40,40,40,32,32,0,211,208,207,207,206,206
209,210,212,228,186,135,208,203,204,190,182,183,183,183,183,183,183,183,183,183,183,183,183,183,185,178,65,163,55,118,117,117,120,86,84,136,138,118,102,93,90,92,91,96,115,128,167,186,183,182,182,182,182,182,181,181,181,181,181,181,181,181,181,181,180,180,180,180,180,178,179,179,179,185,138,99,76,154,103,109,85,213,168,170,167,159,178,201,198,202,153,110,53,38,39,40,36,34,41,40,40,40,40,39,50,59,58,59,49,108,111,110,111,113,82,34,40,40,36,37,35,0,182,209,207,206,206,206
208,210,212,230,154,169,205,203,203,181,183,183,183,183,183,183,183,183,183,183,183,183,183,185,181,99,109,74,103,118,117,117,117,119,84,85,136,135,136,131,125,125,129,136,135,133,127,176,185,183,182,182,182,182,182,182,181,181,181,181,181,181,181,181,181,182,180,181,174,206,177,179,179,179,184,132,102,106,109,109,110,81,96,96,82,165,177,190,199,200,182,100,73,34,39,40,29,39,40,40,40,40,40,34,56,58,58,58,55,116,110,110,110,112,80,34,40,41,31,41,38,4,141,211,207,206,206,206
208,209,211,232,132,178,205,205,184,183,183,183,183,183,183,183,183,183,183,183,183,183,185,181,101,112,118,118,118,117,117,117,117,117,118,84,83,134,134,133,134,134,133,133,133,133,133,127,179,185,183,183,182,182,182,182,182,181,181,181,181,181,181,181,182,162,185,177,215,230,207,189,179,179,193,211,139,106,109,109,109,110,105,104,178,179,178,178,202,199,200,90,81,32,39,41,27,40,40,40,40,40,40,38,58,58,58,56,78,113,110,110,110,113,73,34,40,41,30,41,40,5,123,211,207,206,206,206
208,208,211,230,130,172,197,186,182,183,183,183,183,183,183,183,183,183,183,183,183,185,178,99,111,118,117,117,117,117,117,117,117,117,117,119,87,80,130,135,133,133,133,133,133,133,133,133,127,177,185,183,183,182,182,182,182,182,181,181,181,181,181,181,182,164,166,182,175,255,255,181,179,180,178,176,105,109,109,109,109,105,150,191,171,178,178,176,192,199,206,95,86,32,40,37,33,40,40,40,40,40,38,51,58,58,58,51,100,111,110,110,110,115,59,37,40,41,30,41,42,7,102,211,206,206,206,205
207,208,210,227,137,165,183,183,183,183,183,183,183,183,183,183,183,183,183,183,188,170,97,111,118,117,117,117,117,117,117,117,117,117,117,117,120,93,77,122,137,133,133,133,133,133,133,133,133,126,169,187,183,183,182,182,182,182,182,181,181,181,181,181,181,183,117,186,194,210,227,198,178,183,166,91,109,106,109,109,109,107,128,253,228,186,178,178,180,202,208,107,88,32,40,28,41,40,40,40,40,40,34,58,58,58,58,53,115,110,110,110,110,116,33,40,40,36,37,40,42,14,86,212,206,206,206,206
207,208,209,222,170,126,190,183,183,183,183,183,183,183,183,183,183,183,185,190,147,92,112,118,117,117,117,117,117,117,117,117,117,117,117,117,117,122,83,77,109,138,133,133,133,133,133,133,133,133,127,154,188,184,183,183,182,182,182,182,181,181,181,181,181,187,105,178,180,183,202,177,183,157,75,101,124,147,108,109,111,85,104,114,180,176,178,179,176,198,207,109,85,32,40,29,41,40,40,40,40,39,50,58,58,58,56,83,112,110,110,110,111,106,33,40,41,29,42,40,42,20,64,212,206,206,206,205
207,207,208,216,225,71,158,191,185,184,183,183,183,183,183,185,186,190,161,108,102,115,118,117,117,117,117,117,117,117,117,117,117,117,117,117,117,117,80,85,58,95,137,134,133,133,133,133,133,133,133,130,136,181,186,183,183,182,182,182,182,181,181,181,181,183,146,130,186,180,181,181,179,161,180,186,184,202,162,105,79,225,107,80,148,184,179,179,179,188,207,99,80,33,30,40,40,40,40,40,40,34,58,58,58,58,46,110,110,110,110,110,112,86,34,40,42,29,41,40,42,22,60,212,206,206,206,205
207,207,208,214,218,213,74,118,161,183,189,191,190,189,183,165,140,102,103,113,118,118,108,118,117,117,117,117,117,117,117,117,117,117,117,117,118,105,55,230,166,55,83,130,136,133,133,133,133,133,133,133,133,127,156,187,185,183,182,182,182,182,182,182,181,182,181,78,178,181,181,181,181,182,181,181,178,210,150,104,112,213,212,171,122,156,187,178,179,181,200,97,69,37,28,41,40,40,40,40,36,53,58,58,58,56,75,114,110,110,110,110,114,63,36,40,37,35,40,40,41,23,59,211,206,206,205,205
206,207,207,212,215,220,228,175,124,69,69,101,109,99,94,102,111,113,118,117,117,119,90,118,118,117,117,117,117,117,117,117,117,117,117,117,120,79,120,232,231,212,86,58,113,138,134,133,133,133,133,133,133,133,131,129,159,184,187,184,183,182,182,182,181,181,187,127,123,188,181,181,181,181,181,180,181,185,171,95,130,177,219,175,189,167,224,171,179,179,172,108,38,29,40,40,40,40,40,40,42,58,58,58,58,47,108,110,110,110,110,110,112,33,40,41,29,41,40,40,41,23,59,212,206,206,205,206
206,207,207,211,213,217,220,226,233,235,231,130,89,118,117,118,117,117,117,117,115,118,115,88,105,116,120,118,117,117,117,117,117,117,117,120,92,55,220,226,225,226,234,147,55,88,130,137,133,133,133,133,133,133,133,133,131,127,144,163,180,187,186,183,183,182,182,175,83,166,183,181,181,181,178,206,173,181,186,90,139,183,183,185,181,225,242,187,187,183,133,104,30,30,41,40,40,40,40,34,57,58,58,58,56,75,114,110,110,110,110,111,90,34,40,42,29,41,40,40,41,21,65,211,205,205,205,205
207,206,207,209,211,215,219,222,225,226,238,59,98,118,117,117,117,116,115,111,133,161,144,81,64,68,84,101,112,120,118,118,118,120,115,88,55,196,228,225,225,225,225,233,202,76,57,103,135,136,133,133,133,132,132,132,133,133,132,131,127,130,144,155,165,176,184,192,135,104,188,181,181,179,198,241,211,181,186,125,148,183,180,180,180,184,255,250,180,187,103,83,20,41,40,40,40,40,39,49,59,58,58,58,47,111,110,110,110,110,110,115,56,37,40,35,37,40,40,40,42,17,83,210,206,205,205,205
206,207,206,209,211,214,218,221,223,226,225,56,103,113,113,111,112,121,138,157,160,157,160,96,163,171,113,55,60,82,100,103,101,90,68,80,206,231,225,225,225,225,225,226,228,234,162,56,68,107,134,138,141,149,163,181,196,169,136,133,133,133,132,132,130,128,127,133,147,104,141,187,181,181,173,255,236,174,184,144,158,182,181,181,176,225,240,247,183,163,110,42,30,41,40,40,40,40,38,59,58,58,58,54,85,112,110,110,110,110,110,106,33,40,41,29,42,40,40,40,42,10,101,210,205,205,205,205
205,206,206,208,210,214,217,220,223,227,206,87,147,150,150,154,160,161,158,157,157,157,160,130,89,233,233,227,179,105,57,60,74,127,184,237,234,235,234,227,226,225,226,226,226,226,231,229,150,56,85,169,188,185,183,175,149,186,154,132,133,133,133,133,133,133,133,133,132,138,92,170,183,181,187,204,212,180,182,166,166,182,181,181,181,173,215,181,192,127,101,12,42,40,40,40,40,34,55,58,58,58,58,54,114,110,110,110,110,110,113,74,34,40,40,32,41,40,40,40,42,6,117,209,205,205,205,205
206,206,207,207,209,212,216,219,222,228,180,93,158,158,158,157,157,157,157,157,157,157,157,159,99,145,233,224,228,234,233,231,239,244,246,249,225,187,214,244,230,227,226,226,226,226,226,226,231,231,189,122,178,179,179,182,168,166,194,134,134,134,133,133,133,133,133,133,133,139,122,101,185,181,181,186,191,181,181,180,175,181,181,181,181,180,197,185,181,100,62,33,40,40,40,40,39,49,59,58,58,58,48,101,111,110,110,110,110,111,112,33,40,41,30,40,40,40,40,40,41,5,133,208,205,205,205,205
206,205,206,208,208,211,214,218,221,228,162,100,162,157,157,157,157,157,157,157,157,157,157,158,145,83,171,232,223,224,227,240,212,185,170,127,153,174,52,182,250,231,228,226,226,226,226,226,226,236,202,105,165,180,177,160,181,173,176,119,118,128,134,136,138,139,139,137,133,124,113,108,113,188,181,181,181,181,181,181,181,181,181,181,181,181,179,183,149,109,13,42,40,40,40,40,39,59,58,58,58,56,76,114,110,110,110,110,110,112,80,34,40,42,30,41,40,40,40,40,40,3,153,208,205,205,205,205
205,206,206,207,208,209,213,216,219,228,148,109,162,157,157,157,157,157,157,157,157,157,157,157,161,130,82,171,230,225,231,214,122,170,168,170,170,168,82,76,134,251,235,229,228,227,226,226,226,251,103,117,133,195,198,203,176,180,176,129,57,66,68,72,75,78,76,79,64,57,56,86,104,128,189,182,181,181,181,181,181,181,181,181,181,181,181,188,113,72,33,40,40,40,40,34,57,59,58,58,58,54,114,110,110,110,110,110,110,114,33,40,41,33,39,40,40,40,40,40,39,0,185,207,205,205,205,205
205,205,206,206,207,208,211,214,217,226,134,115,161,157,157,157,157,157,157,157,157,157,157,157,157,162,122,69,213,225,230,221,161,153,161,163,142,153,65,97,88,89,242,240,230,227,226,225,239,179,115,108,192,212,243,254,161,183,164,215,161,149,143,136,133,129,135,79,156,205,219,230,207,69,139,189,182,182,182,182,181,181,181,181,181,181,182,171,106,26,38,40,40,40,36,52,59,58,58,59,47,104,111,110,110,110,110,110,113,79,34,40,42,29,42,40,40,40,40,40,36,0,204,206,205,205,205,205
205,205,206,206,207,208,209,211,215,223,122,122,160,157,157,157,157,157,157,157,157,157,157,157,157,157,160,99,153,229,229,224,153,170,143,213,255,246,194,69,96,97,65,205,237,229,226,228,247,99,120,131,224,251,255,245,172,146,131,191,163,157,158,159,159,162,122,136,211,219,227,220,220,202,70,132,190,182,182,182,182,182,182,182,182,181,185,137,97,60,52,31,30,33,44,60,59,59,59,54,86,113,110,110,110,110,110,110,112,33,40,40,34,38,40,40,40,40,40,41,32,2,211,205,205,205,205,205
205,205,206,206,206,207,208,209,212,219,111,123,160,157,157,157,157,157,157,157,157,157,157,157,157,157,160,124,89,232,228,225,150,170,151,210,254,255,224,205,93,66,39,132,244,228,226,235,165,98,93,176,255,254,231,215,107,119,145,206,157,157,157,157,157,160,114,101,82,69,112,166,220,224,206,82,119,188,183,182,182,182,182,182,182,182,184,158,95,111,113,115,103,76,55,55,59,59,57,65,116,110,110,110,110,110,110,114,72,34,40,42,28,42,40,40,40,40,40,41,21,83,209,205,205,205,205,205
205,205,205,206,206,206,207,208,210,215,108,123,160,157,157,157,157,157,157,157,157,157,157,157,157,157,159,140,76,216,227,232,146,170,151,214,222,255,236,221,125,49,47,135,245,229,226,230,230,69,95,98,254,230,227,139,121,107,210,166,156,157,157,157,157,157,160,162,160,152,134,105,70,164,224,217,105,99,178,187,182,182,182,182,182,182,182,185,178,152,142,125,98,108,115,92,52,59,54,114,111,110,111,110,110,110,111,107,33,40,40,34,38,40,40,40,40,40,40,42,7,121,208,205,205,205,205,205
205,205,205,205,205,206,206,207,208,212,113,123,160,157,157,157,157,157,157,157,157,157,157,157,157,157,158,150,88,200,226,233,149,165,115,196,207,251,255,229,118,51,47,129,246,229,227,227,250,115,94,86,156,139,111,112,121,149,184,161,158,157,157,157,157,157,157,157,157,158,159,162,144,89,170,218,224,157,69,147,190,184,182,182,182,182,182,182,182,184,184,187,186,156,109,110,103,40,107,112,111,111,111,111,111,111,117,57,37,40,42,28,42,40,40,40,40,40,40,41,3,154,207,205,205,205,205,205
204,204,204,204,204,204,205,205,206,209,122,113,158,154,154,154,154,154,154,154,154,154,154,154,154,154,155,150,84,191,225,243,69,65,78,56,151,229,255,249,124,44,46,130,247,228,227,226,235,195,87,93,92,92,95,99,109,245,149,101,150,162,160,160,158,157,157,157,157,157,157,157,161,127,130,222,214,221,205,119,105,164,190,185,183,182,182,182,182,182,182,182,182,183,191,123,112,102,112,111,111,111,111,111,111,112,96,33,40,41,33,38,40,40,40,40,40,40,40,38,0,197,207,205,205,205,205,205
220,220,220,220,220,220,220,220,221,222,173,155,188,185,185,185,185,185,185,185,185,185,185,185,185,185,186,182,146,211,233,234,253,148,144,144,136,153,167,104,122,116,40,110,246,227,226,227,227,250,69,89,90,82,70,62,192,234,233,154,85,108,129,124,147,158,157,157,157,157,157,157,160,119,147,219,214,214,215,231,53,89,115,152,175,182,185,182,182,182,182,182,182,182,183,168,102,113,111,111,111,111,111,111,111,116,38,39,40,41,29,41,40,40,40,40,40,40,41,33,2,210,205,205,205,205,205,205
255,255,255,255,255,255,255,255,255,255,255,255,255,255,255,255,255,255,255,255,255,255,255,255,255,255,255,255,255,255,255,255,255,255,255,255,255,255,255,255,255,255,255,247,248,226,223,225,224,240,171,150,179,213,236,249,236,221,232,76,97,118,116,118,163,157,157,157,157,157,157,157,162,109,161,217,213,213,226,100,0,16,46,87,83,127,148,186,182,183,183,182,182,182,182,188,99,111,111,111,111,111,111,111,114,78,34,40,41,30,40,40,40,40,40,40,40,40,41,18,97,209,205,205,205,205,205,205
255,255,255,255,255,255,255,255,255,255,255,255,255,255,255,255,255,255,255,255,255,255,255,255,255,255,255,255,255,255,255,255,255,255,255,255,255,255,255,255,255,255,255,255,255,255,242,220,223,225,238,240,233,228,224,220,219,222,193,58,115,120,135,173,181,165,159,157,157,157,157,157,162,95,178,216,213,217,171,0,28,31,12,86,93,138,129,187,183,183,183,183,182,182,182,187,128,108,111,111,111,111,111,112,107,33,40,40,39,31,41,40,40,40,40,40,40,40,42,4,139,207,205,205,205,205,205,205
255,255,255,255,255,255,255,255,255,255,255,255,255,255,255,255,255,255,255,255,255,255,255,255,255,255,255,255,255,255,255,255,255,255,255,255,255,255,255,255,255,255,255,255,255,255,255,254,224,220,221,220,220,220,219,219,218,227,128,85,121,138,199,140,206,213,181,165,159,157,157,157,158,82,196,214,214,208,0,27,36,24,16,86,89,138,128,186,183,183,183,183,183,183,183,185,150,106,112,111,111,111,111,117,50,38,40,42,28,42,40,40,40,40,40,40,40,40,40,0,191,206,205,205,205,205,205,205
255,255,255,255,255,255,255,255,255,255,255,255,255,255,255,255,255,255,255,255,255,255,255,255,255,255,255,255,255,255,255,255,255,255,255,255,255,255,255,255,255,255,255,255,255,255,255,255,255,225,218,219,219,218,218,217,218,219,58,107,131,192,150,151,151,153,204,214,182,165,159,158,152,71,209,212,225,43,17,42,27,24,21,84,85,139,126,183,183,183,183,183,183,183,183,184,174,100,112,111,111,111,114,84,34,40,40,35,36,40,40,40,40,40,40,40,40,41,33,3,210,205,205,205,205,205,205,205
255,255,255,255,255,255,255,255,255,196,163,150,156,177,255,255,234,186,225,255,243,207,251,207,180,171,179,213,255,255,255,214,184,190,248,255,255,216,164,140,116,210,197,253,255,255,255,255,255,255,221,217,217,216,216,216,220,159,70,128,172,174,159,158,168,169,150,153,202,215,179,164,143,72,218,225,91,3,37,39,22,30,21,83,83,139,127,182,183,183,183,183,183,183,183,183,189,99,112,111,111,112,107,33,40,40,41,28,41,40,40,40,40,40,40,40,40,41,16,105,208,205,205,205,205,205,205,205
255,255,255,255,255,255,255,255,255,75,107,88,75,97,109,255,213,120,201,255,172,110,247,108,133,126,111,122,169,255,201,116,115,129,120,255,142,77,96,73,49,213,255,255,255,255,255,255,255,255,255,214,216,216,216,215,225,69,104,156,196,141,169,169,150,168,168,169,151,154,204,182,135,110,220,155,0,32,39,29,29,29,21,82,82,138,127,182,183,183,183,183,183,183,183,183,189,126,108,111,111,117,47,38,40,41,29,41,40,40,40,40,40,40,40,40,40,42,3,154,207,205,205,205,205,205,205,205
255,255,255,255,255,255,255,255,255,201,82,190,255,139,75,228,217,124,203,255,176,120,243,205,123,182,255,138,112,255,149,130,239,169,112,246,189,89,114,236,255,255,255,255,255,255,255,255,255,255,255,247,210,215,215,216,184,60,141,208,133,170,168,171,140,168,168,168,170,156,132,208,130,143,192,0,28,41,29,39,28,29,21,81,80,137,127,181,183,183,183,183,183,183,183,183,185,146,106,112,116,75,34,40,40,36,34,40,41,36,41,40,40,40,40,40,40,38,0,207,206,205,205,205,205,205,205,205
255,255,255,255,255,255,255,255,255,223,75,193,255,193,75,228,217,124,204,255,171,120,240,237,115,186,255,160,114,255,118,163,255,180,159,248,250,62,141,255,255,255,255,255,255,255,255,255,255,255,255,255,226,213,213,221,114,104,197,134,171,168,168,153,196,191,142,169,161,81,82,227,127,153,6,23,40,29,42,37,29,30,22,79,79,136,128,177,184,183,183,183,183,183,183,183,185,169,103,113,99,33,40,40,41,28,42,41,34,31,41,40,40,40,40,40,41,25,71,210,205,205,205,205,205,205,205,205
255,255,255,255,255,255,255,255,255,218,85,150,192,114,81,255,215,124,205,255,164,122,237,236,114,191,255,143,117,255,116,155,255,255,255,255,240,66,153,255,255,255,255,255,255,255,255,255,255,255,255,255,254,206,214,205,60,143,161,161,172,169,159,186,215,255,248,160,80,99,62,216,136,58,14,39,29,42,40,35,29,25,33,80,78,135,130,171,184,183,183,183,183,183,183,183,183,186,96,111,31,40,40,41,29,41,41,35,18,40,40,40,40,40,40,40,42,5,138,207,205,205,205,205,205,205,205,205
255,255,255,255,255,255,255,255,255,216,91,102,90,98,194,255,214,123,207,255,158,123,235,236,114,197,255,126,124,255,115,147,255,147,115,241,235,75,124,178,193,255,255,255,255,255,255,255,255,255,255,255,255,227,215,147,79,154,172,61,104,148,170,211,224,255,243,225,62,99,81,191,151,49,32,30,42,40,41,34,24,39,44,78,78,135,131,162,185,183,183,183,183,183,183,183,183,189,119,112,29,40,40,35,35,41,37,21,29,41,40,40,40,40,40,40,40,0,199,205,205,205,205,205,205,205,205,205
255,255,255,255,255,255,255,255,255,213,88,148,203,97,75,231,217,123,208,255,149,125,232,237,113,200,255,116,133,255,114,139,255,136,117,233,226,82,92,56,87,255,255,255,255,255,255,255,255,255,255,255,255,251,209,69,103,140,201,59,91,61,187,207,235,255,232,231,60,99,94,143,177,27,30,42,40,40,41,27,39,48,44,77,78,135,132,154,185,183,183,183,183,183,183,183,183,185,143,113,52,38,40,29,42,38,22,23,37,40,40,40,40,40,40,41,28,52,209,205,205,205,205,205,205,205,205,204
255,255,255,255,255,255,255,255,255,210,85,175,255,157,98,178,219,123,210,255,140,127,230,239,112,204,255,112,141,255,114,127,255,193,116,230,219,79,173,255,255,255,255,255,255,255,255,255,255,255,255,255,255,255,171,75,118,129,204,83,91,85,151,205,247,255,236,213,137,95,96,109,195,26,41,40,40,40,35,42,47,47,44,76,78,135,132,145,187,183,183,183,183,183,183,183,183,185,165,107,75,36,27,42,40,18,20,24,42,40,40,40,40,40,40,42,6,133,207,205,205,205,205,205,205,205,205,204
255,255,255,255,255,255,255,255,255,208,87,176,255,110,102,170,230,121,206,255,123,128,229,238,113,194,202,127,148,253,115,117,255,171,116,234,209,82,171,255,255,255,255,255,255,255,255,255,255,255,255,255,255,255,191,84,118,122,182,132,88,90,87,211,255,255,228,208,153,93,102,63,196,56,39,40,40,34,55,48,47,47,44,76,78,135,133,133,188,183,183,183,183,183,183,183,183,183,184,97,94,22,40,41,20,48,50,31,41,40,40,40,40,40,40,40,0,200,205,205,205,205,204,204,204,204,204,204
255,255,255,255,255,255,255,255,255,203,86,113,100,105,75,215,255,121,131,141,140,111,252,238,112,126,125,119,192,255,115,138,115,134,112,246,214,60,85,59,54,220,255,255,255,255,255,255,255,255,255,255,255,255,247,74,117,118,161,169,81,93,59,222,255,255,219,202,49,52,72,66,164,74,40,40,34,55,60,47,47,47,38,79,78,135,133,127,185,183,183,183,183,183,183,183,183,183,190,112,109,21,43,26,0,166,1,41,40,40,40,40,40,40,41,27,62,209,204,204,204,204,204,204,204,204,204,206
255,255,255,255,255,255,255,255,255,231,173,146,104,132,206,255,255,243,167,135,148,215,255,249,188,172,173,212,255,255,234,156,118,133,197,255,255,207,155,145,134,240,255,255,255,255,255,255,255,255,255,255,255,255,255,122,115,116,145,194,60,94,80,87,205,255,228,70,60,64,64,49,165,67,41,34,56,59,60,46,47,39,75,90,78,135,133,128,176,184,183,183,183,183,183,183,183,183,186,137,115,35,28,0,174,107,17,41,40,40,40,40,40,41,43,4,146,207,204,204,204,204,204,204,204,204,206,207
255,255,255,255,255,255,255,255,255,255,255,255,255,255,255,255,255,255,255,255,255,255,255,255,255,255,255,255,255,255,255,255,255,255,255,255,255,255,255,255,255,255,255,255,255,255,255,255,255,255,255,255,255,255,255,170,111,116,132,213,57,86,57,58,51,69,120,53,64,64,50,180,127,48,35,57,59,59,59,46,38,76,91,87,78,135,133,131,163,185,183,183,183,183,183,183,183,183,185,157,110,61,0,131,210,0,37,40,40,40,41,42,40,30,8,0,206,205,204,204,204,204,204,204,204,204,209,206
0,255,255,255,255,255,255,255,255,255,255,255,255,255,255,255,255,255,255,255,255,255,255,255,255,255,255,255,255,255,255,255,255,255,255,255,255,255,255,255,255,255,255,255,255,255,255,255,255,255,255,255,255,255,255,204,106,116,123,197,125,51,65,64,64,61,49,64,64,53,140,195,45,40,58,59,59,59,59,37,79,91,88,87,78,135,133,132,150,186,183,183,183,183,183,183,183,183,184,177,101,64,93,211,125,5,42,41,42,40,23,4,0,39,122,179,207,204,204,204,204,204,204,204,204,207,206,0
0,0,255,255,255,255,255,255,255,255,255,255,255,255,255,255,255,255,255,255,255,255,255,255,255,255,255,255,255,255,255,255,255,255,255,255,255,255,255,255,255,255,255,255,255,255,255,255,255,255,255,255,255,255,255,240,90,115,115,167,219,153,47,53,63,64,58,66,53,98,217,129,29,59,59,59,59,59,50,80,89,88,88,87,78,135,133,132,131,188,183,183,183,183,183,183,183,183,183,190,99,112,206,210,2,33,34,16,1,0,96,148,202,210,207,206,204,204,204,204,204,205,204,206,209,206,0,0
0,0,0,255,255,255,255,255,255,255,255,255,255,255,255,255,255,255,255,255,255,255,255,255,255,255,255,255,255,255,255,255,255,255,255,255,255,255,255,255,255,255,255,255,255,255,255,255,255,255,255,255,255,255,255,255,97,142,121,154,174,201,224,157,58,64,62,58,80,227,150,96,54,59,59,59,58,58,106,92,93,93,93,93,82,147,144,144,139,181,183,183,183,183,183,183,183,183,183,188,128,75,205,151,3,17,77,130,181,209,208,207,205,204,204,204,204,204,204,205,204,204,206,206,206,0,0,0
